model,roc_auc,pr_auc,training_time_sec,tn,fp,fn,tp
XGBoost,0.9789838698563275,0.8767424155009337,2.7023239135742188,56850,14,17,81
"Random Forest (300 trees, balanced)",0.951454257490841,0.8622748060998633,54.51177906990051,56860,4,23,75
Logistic Regression (balanced),0.9718137008601977,0.7074026597726415,4.1965227127075195,55472,1392,8,90
HistGradientBoosting,0.8732677968486213,0.6908694029572346,0.7324669361114502,56817,47,23,75
